<?xml version="1.0" encoding="UTF-8"?>
<!DOCTYPE hibernate-mapping PUBLIC "-//Hibernate/Hibernate Mapping DTD 3.0//EN" "http://www.hibernate.org/dtd/hibernate-mapping-3.0.dtd">
<hibernate-mapping>
  <class name="ejemplo05.Profesor" >
    <id column="Id" name="id" type="integer" />
    <property name="nombre" />
    <property name="ape1" />
    <property name="ape2" />
    
    <set name="correosElectronicos"  cascade="all" inverse="true"   >
        <key>
            <column name="idProfesor" />
        </key>            
        <one-to-many class="ejemplo05.CorreoElectronico" />
    </set>
  </class>
</hibernate-mapping>

