<?xml version="1.0" encoding="UTF-8"?>
<!DOCTYPE hibernate-mapping PUBLIC "-//Hibernate/Hibernate Mapping DTD 3.0//EN" "http://www.hibernate.org/dtd/hibernate-mapping-3.0.dtd">
<hibernate-mapping>
  <class name="ejemplo09.Modulo" >
    <id column="IdModulo" name="idModulo" type="integer"/>
    <property name="nombre" />
    
    <set name="profesores" table="ProfesorModulo"  cascade="all" inverse="false"  >
        <key>
            <column name="idModulo"  />
        </key> 
        <many-to-many column="IdProfesor" class="ejemplo09.Profesor" />
    </set>
  </class>
</hibernate-mapping>

