<?xml version="1.0" encoding="UTF-8"?>
<project-private xmlns="http://www.netbeans.org/ns/project-private/1">
    <editor-bookmarks xmlns="http://www.netbeans.org/ns/editor-bookmarks/1"/>
    <open-files xmlns="http://www.netbeans.org/ns/projectui-open-files/1">
        <file>file:/C:/Documents%20and%20Settings/Lorenzo/Mis%20documentos/Dropbox/Ensenyament/Curso%20Hibernate/Ejemplos/unidad_03/Ejemplo11/src/ejemplo11/Main.java</file>
        <file>file:/C:/Documents%20and%20Settings/Lorenzo/Mis%20documentos/Dropbox/Ensenyament/Curso%20Hibernate/Ejemplos/unidad_03/Ejemplo11/src/ejemplo11/Usuario.java</file>
        <file>file:/C:/Documents%20and%20Settings/Lorenzo/Mis%20documentos/Dropbox/Ensenyament/Curso%20Hibernate/Ejemplos/unidad_03/Ejemplo11/src/ejemplo11/Usuario.hbm.xml</file>
        <file>file:/C:/Documents%20and%20Settings/Lorenzo/Mis%20documentos/Dropbox/Ensenyament/Curso%20Hibernate/Ejemplos/unidad_03/Ejemplo11/src/hibernate.cfg.xml</file>
        <file>file:/C:/Documents%20and%20Settings/Lorenzo/Mis%20documentos/Dropbox/Ensenyament/Curso%20Hibernate/Ejemplos/unidad_03/Ejemplo11/src/ejemplo11/Profesor.hbm.xml</file>
        <file>file:/C:/Documents%20and%20Settings/Lorenzo/Mis%20documentos/Dropbox/Ensenyament/Curso%20Hibernate/Ejemplos/unidad_03/Ejemplo11/src/ejemplo11/Profesor.java</file>
    </open-files>
</project-private>
